<?xml version="1.0" ?>
<annotation>
	<folder/>
	<filename>2.png</filename>
	<path>static/data/images/2.png</path>
	<source>
		<database>Unknown</database>
	</source>
	<size_part>
		<width>220</width>
		<height>300</height>
		<depth>3</depth>
	</size_part>
	<segmented>0</segmented>
	<object>
		<name>Vendor</name>
		<pose>Unspecified</pose>
		<truncated>0</truncated>
		<difficult>0</difficult>
		<bndbox>
			<xmin>23.45001220703125</xmin>
			<ymin>13.5</ymin>
			<xmax>202.45001220703125</xmax>
			<ymax>65.5</ymax>
		</bndbox>
	</object>
	<object>
		<name>Invoice</name>
		<pose>Unspecified</pose>
		<truncated>0</truncated>
		<difficult>0</difficult>
		<bndbox>
			<xmin>13.45001220703125</xmin>
			<ymin>77.5</ymin>
			<xmax>112.45001220703125</xmax>
			<ymax>100.5</ymax>
		</bndbox>
	</object>
	<object>
		<name>Date</name>
		<pose>Unspecified</pose>
		<truncated>0</truncated>
		<difficult>0</difficult>
		<bndbox>
			<xmin>116.45001220703125</xmin>
			<ymin>74.5</ymin>
			<xmax>215.45001220703125</xmax>
			<ymax>100.5</ymax>
		</bndbox>
	</object>
	<object>
		<name>Items</name>
		<pose>Unspecified</pose>
		<truncated>0</truncated>
		<difficult>0</difficult>
		<bndbox>
			<xmin>9.45001220703125</xmin>
			<ymin>113.5</ymin>
			<xmax>212.45001220703125</xmax>
			<ymax>220.5</ymax>
		</bndbox>
	</object>
	<object>
		<name>Total</name>
		<pose>Unspecified</pose>
		<truncated>0</truncated>
		<difficult>0</difficult>
		<bndbox>
			<xmin>110.45001220703125</xmin>
			<ymin>219.5</ymin>
			<xmax>197.45001220703125</xmax>
			<ymax>241.5</ymax>
		</bndbox>
	</object>
</annotation>
